TRANS_ID,TRANS_DATE,MONTH,VALUE,NO_OF_ITEMS,TAX,ITEM_VOL,LOYALTY,LOYALTY_ID,REGION,CUST_REGION,CUST_ALT_REGION,CUST_AREA,DISCOUNT_CODE,DELIVERY_DATE,DELIVERY_METHOD,DELIVERY_COST,TOTAL_COST,ITEM_VOLUME,NOTES,CUST_NOTES,SPECIAL_REQUESTS,DISCOUNT_C
3632,,Jan-19,92.51,0,NULL,12,N,9.86,GL,GL,,GL,,Jan-19,PAID,1.99,94.5,,,,N/A,
3646,,Jan-19,18.92,0,NULL,5,N,3.16,NW,NW,,NW,,Jan-19,PAID,1.99,20.91,,,,N/A,
3651,,Jan-19,70.95,0,NULL,5,N,9.82,WM,WM,,WM,,Jan-19,PAID,1.99,72.94,,,,N/A,
3662,,Jan-19,7.54,0,NULL,7,N,0.12,SC,SC,,SC,,Jan-19,PAID,1.99,9.53,,,,N/A,
3669,,Jan-19,11.32,0,22,2,Y,2.26,WM,WM,,WM,,Jan-19,FREE,0,11.32,,,,N/A,
3670,,Jan-19,40.51,0,NULL,4,Y,6.23,WM,WM,,WM,,Jan-19,FREE,0,40.51,,,,N/A,
3672,,Jan-19,26.51,0,39,4,Y,0.00,NW,NW,,NW,,Jan-19,FREE,0,26.51,,,,N/A,
3688,,Jan-19,41.37,0,NULL,3,N,8.27,EM,EM,,EM,,Jan-19,PAID,1.99,43.36,,,,N/A,
3691,,Jan-19,50.93,0,NULL,6,N,2.32,SW,SW,,SW,,Jan-19,PAID,1.99,52.92,,,,N/A,
3691,,Jan-19,50.93,0,NULL,6,N,2.32,SW,SW,,SW,,Jan-19,PAID,1.99,52.92,,,,N/A,
3705,,Jan-19,56.11,0,12,3,Y,11.22,WM,WM,,WM,,Jan-19,FREE,0,56.11,,,,N/A,
3707,,Jan-19,41.94,0,NULL,4,N,10.1,GL,GL,,GL,,Jan-19,PAID,1.99,43.93,,,,N/A,
3724,,Jan-19,12.9,0,NULL,7,N,0.645,NW,NW,,NW,,Jan-19,PAID,1.99,14.89,,,,N/A,
3727,,Jan-19,46.92,0,NULL,4,Y,9.38,NW,NW,,NW,,Jan-19,FREE,0,46.92,,,,N/A,
3759,,Jan-19,19.14,0,NULL,5,N,1.1,WL,WL,,WL,,Jan-19,PAID,1.99,21.13,,,,N/A,
3766,,Jan-19,73.52,0,7,3,Y,3.68,SW,SW,,SW,,Jan-19,FREE,0,73.52,,,,N/A,
3786,,Feb-19,30.59,0,NULL,6,N,6.12,NE,NE,,NE,,Feb-19,PAID,1.99,32.58,,,,N/A,
3789,,Feb-19,27.89,0,NULL,10,N,1.39,NW,NW,,NW,,Feb-19,PAID,1.99,29.88,,,,N/A,
3819,,Feb-19,6.47,0,31,1,Y,3.32,EE,EE,,EE,,Feb-19,FREE,0,6.47,,,,N/A,
3899,,Feb-19,29.53,0,NULL,6,N,5.91,NW,NW,,NW,,Feb-19,PAID,1.99,31.52,,,,N/A,
3899,,Feb-19,29.53,0,NULL,6,N,5.91,NW,NW,,NW,,Feb-19,PAID,1.99,31.52,,,,N/A,
3903,,Feb-19,5.68,0,NULL,1,N,0.284,NE,NE,,NE,,Feb-19,PAID,1.99,7.67,,,,N/A,
3914,,Feb-19,36.92,0,21,4,Y,1.846,EM,EM,,EM,,Feb-19,FREE,0,36.92,,,,N/A,
3927,,Feb-19,31.25,0,NULL,9,N,6.25,EM,EM,,EM,,Feb-19,PAID,1.99,33.24,,,,N/A,
3934,,Feb-19,45.36,0,NULL,3,N,9.07,NW,NW,,NW,,Feb-19,PAID,1.99,47.35,,,,N/A,
3939,,Feb-19,68.18,0,NULL,6,N,12.32,SC,SC,,SC,,Feb-19,PAID,1.99,70.17,,,,N/A,
3940,,Feb-19,40.42,0,30,7,Y,0,WL,WL,,WL,,Feb-19,FREE,0,40.42,,,,N/A,
3946,,Feb-19,5.42,0,NULL,3,N,0.16,NW,NW,,NW,,Feb-19,PAID,1.99,7.41,,,,N/A,
3971,,Feb-19,61.53,0,NULL,9,N,12.31,NE,NE,,NE,,Feb-19,PAID,1.99,63.52,,,,N/A,
3982,,Feb-19,18.15,0,NULL,10,N,2.28,EM,EM,,EM,,Feb-19,PAID,1.99,20.14,,,,N/A,
3984,,Feb-19,18.81,0,NULL,1,N,3.21,NW,NW,,NW,,Feb-19,PAID,1.99,20.8,,,,N/A,
3998,,Mar-19,12.82,0,1.01,,N,NULL,SE,SE,,SE,,Mar-19,PAID,1.99,14.81,9,,,N/A,
4009,,Mar-19,37.88,0,0.00,,Y,19,NW,NW,,NW,,Mar-19,FREE,0,37.88,8,,,N/A,
4017,,Mar-19,230.95,0,46.19,,N,NULL,GL,GL,,GL,,Mar-19,PAID,1.99,232.94,3,,,N/A,
4028,,Mar-19,543.64,0,18.72,,Y,58,NW,NW,,NW,,Mar-19,FREE,0,543.64,16,,,N/A,
4069,,Mar-19,15.65,0,0,,N,NULL,SC,SC,,SC,,Mar-19,PAID,1.99,17.64,2,,,N/A,
4090,,Mar-19,81.61,0,4.09,,Y,4,NW,NW,,NW,,Mar-19,FREE,0,81.61,9,,,N/A,
4100,,Mar-19,47.9,0,9.58,,Y,76,NW,NW,,NW,,Mar-19,FREE,0,47.9,4,,,N/A,
4111,,Mar-19,63.44,0,3.18,,N,NULL,NE,NE,,NE,,Mar-19,PAID,1.99,65.43,7,,,N/A,
4115,,Mar-19,30.59,0,0,,N,NULL,EM,EM,,EM,,Mar-19,PAID,1.99,32.58,2,,,N/A,
4116,,Mar-19,12.53,0,0.63,,N,NULL,NW,NW,,NW,,Mar-19,PAID,1.99,14.52,2,,,N/A,
4121,,Mar-19,44.68,0,0,,N,NULL,SW,SW,,SW,,Mar-19,PAID,1.99,46.67,9,,,N/A,
4121,,Mar-19,75.62,0,0,,N,NULL,GL,GL,,GL,,Mar-19,PAID,1.99,77.61,7,,,N/A,
4177,,Mar-19,7.7,0,0,,Y,89,GL,GL,,GL,,Mar-19,FREE,0,7.7,2,,,N/A,
4188,,Mar-19,1.22,0,0.24,,Y,176,NW,NW,,NW,,Mar-19,FREE,0,1.22,3,,,N/A,
4218,,Mar-19,45.91,0,0,,N,NULL,WM,WM,,WM,,Mar-19,PAID,1.99,47.9,2,,,N/A,
4223,,Mar-19,22.08,0,0,,N,NULL,WM,WM,,WM,,Mar-19,PAID,1.99,24.07,2,,,N/A,
4237,,Mar-19,51.45,0,0,,N,NULL,NW,NW,,NW,,Mar-19,PAID,1.99,53.44,1,,,N/A,
4238,,Mar-19,98.24,0,17.69,,Y,11,NW,NW,,NW,,Mar-19,FREE,0,98.24,9,,,N/A,
4254,,Mar-19,29.21,0,0,,N,NULL,SC,SC,,SC,,Mar-19,PAID,1.99,31.2,3,,,N/A,
4259,,Mar-19,10.8,0,0.05,,N,NULL,SC,SC,,SC,,Mar-19,PAID,1.99,12.79,4,,,N/A,
4273,,Mar-19,87.19,0,0,,Y,88,NW,NW,,NW,,Mar-19,FREE,0,87.19,5,,,N/A,
4280,,Mar-19,41.98,0,3.48,,N,NULL,EM,EM,,EM,,Mar-19,PAID,1.99,43.97,10,,,N/A,
4292,,Mar-19,73.23,0,3.67,,N,NULL,NW,NW,,NW,,Mar-19,PAID,1.99,75.22,5,,,N/A,
4304,,Mar-19,17.52,0,0,,N,NULL,NE,NE,,NE,,Mar-19,PAID,1.99,19.51,3,,,N/A,
4318,,Mar-19,55.74,0,0,,Y,61,WM,WM,,WM,,Mar-19,FREE,0,55.74,2,,,N/A,
4351,,Mar-19,10.93,0,0,,N,NULL,WL,WL,,WL,,Mar-19,PAID,1.99,12.92,9,,,N/A,
4398,,Mar-19,21.1,0,0,,Y,72,WM,WM,,WM,,Mar-19,FREE,0,21.1,4,,,N/A,
4401,,Apr-19,6.19,0,0.02,,N,NULL,EM,EM,,EM,,Apr-19,PAID,1.99,8.18,8,,,N/A,
4441,,Apr-19,5.76,0,0,,Y,30,GL,GL,,GL,SPRINGCLEAN,Apr-19,FREE,0,5.76,1,,,N/A,
4464,,Apr-19,43.12,0,0,,N,NULL,SE,SE,,SE,,Apr-19,PAID,1.99,45.11,4,,,N/A,
4492,,Apr-19,36.69,0,0,,y,100,NW,NW,,NW,,Apr-19,FREE,0,36.69,4,,,N/A,
4493,,Apr-19,46.39,0,0,,Y,10,SW,SW,,SW,SPRINGCLEAN,Apr-19,FREE,0,46.39,8,,,N/A,
4542,,Apr-19,10.88,0,0,,N,NULL,NW,NW,,NW,,Apr-19,PAID,1.99,12.87,1,,,N/A,
4567,,Apr-19,74.85,0,1.08,,Y,2,GL,GL,,GL,,Apr-19,FREE,0,74.85,6,,,N/A,
4596,,Apr-19,74.68,0,0,,N,NULL,NE,NE,,NE,,Apr-19,PAID,1.99,76.67,3,,,N/A,
4609,,Apr-19,73.75,0,0,,N,NULL,EM,EM,,EM,,Apr-19,PAID,1.99,75.74,4,,,N/A,
4616,,Apr-19,42.4,0,0,,N,NULL,SW,SW,,SW,,Apr-19,PAID,1.99,44.39,6,,,N/A,
4616,,Apr-19,36.77,0,2.21,,Y,4,NW,NW,,NW,SPRINGCLEAN,Apr-19,FREE,0,36.77,6,,,N/A,
4637,,Apr-19,59.57,0,0,,N,NULL,SW,SW,,SW,,Apr-19,PAID,1.99,61.56,3,,,N/A,
4643,,Apr-19,9.72,0,0.49,,N,NULL,SW,SW,,SW,,Apr-19,PAID,1.99,11.71,2,,,N/A,
4653,,Apr-19,23.99,0,1.2,,N,NULL,NW,NW,,NW,,Apr-19,PAID,1.99,25.98,10,,,N/A,
4654,,Apr-19,19.12,0,1.23,,Y,72,GL,GL,,GL,,Apr-19,FREE,0,19.12,6,,,N/A,
4670,,Apr-19,9.72,0,0,,Y,6,GL,GL,,GL,SPRINGCLEAN,Apr-19,FREE,0,9.72,10,,,N/A,
4709,,Apr-19,81,0,16.2,,Y,137,SW,SW,,SW,SPRINGCLEAN,Apr-19,FREE,0,81,4,,,N/A,
4721,,Apr-19,87.64,0,0,,N,NULL,NW,NW,,NW,,Apr-19,PAID,1.99,89.63,4,,,N/A,
4724,,Apr-19,24.44,0,0,,Y,145,SE,SE,,SE,,Apr-19,FREE,0,24.44,10,,,N/A,
4733,,Apr-19,96.1,0,0,,Y,60,NW,NW,,NW,SPRINGCLEAN,Apr-19,FREE,0,96.1,3,,,N/A,
4746,,Apr-19,36.99,0,0,,N,NULL,GL,GL,,GL,,Apr-19,PAID,1.99,38.98,6,,,N/A,
4755,,Apr-19,40.15,0,2.01,,N,NULL,WL,WL,,WL,,Apr-19,PAID,1.99,42.14,1,,,N/A,
4763,,Apr-19,60.99,0,0,,N,NULL,NW,NW,,NW,,Apr-19,PAID,1.99,62.98,5,,,N/A,
4814,,Apr-19,15.16,0,0,,N,NULL,NE,NE,,NE,SPRINGCLEAN,Apr-19,PAID,1.99,17.15,2,,,N/A,
4817,,Apr-19,89.19,0,0,,N,NULL,EE,EE,,EE,,Apr-19,PAID,1.99,91.18,2,,,N/A,
4817,,Apr-19,35.9,0,0,,N,NULL,WM,WM,,WM,,Apr-19,PAID,1.99,37.89,7,,,N/A,
4829,,Apr-19,38.34,0,0,,N,NULL,NW,NW,,NW,,Apr-19,PAID,1.99,40.33,9,,,N/A,
4831,,Apr-19,82.15,0,0,,N,NULL,SE,SE,,SE,,Apr-19,PAID,1.99,84.14,4,,,N/A,
4855,,Apr-19,54.35,0,0,,N,NULL,SW,SW,,SW,,Apr-19,PAID,1.99,56.34,8,,,N/A,
4859,,Apr-19,7.31,0,0,,Y,96,NW,NW,,NW,SPRINGCLEAN,Apr-19,FREE,0,7.31,3,,,N/A,
4861,,Apr-19,48.14,0,0,,N,NULL,SW,SW,,SW,,Apr-19,PAID,1.99,50.13,8,,,N/A,
4890,,Apr-19,11.1,0,2.22,,Y,99,WM,WM,,WM,,Apr-19,FREE,0,11.1,1,,,N/A,
4918,,Apr-19,21.37,0,4.27,,Y,95,YH,YH,,YH,,Apr-19,FREE,0,21.37,2,,,N/A,
4930,,Apr-19,49.82,0,0,,N,NULL,SW,SW,,SW,,Apr-19,PAID,1.99,51.81,10,,,N/A,
4936,,Apr-19,2.74,0,0,,N,NULL,NE,NE,,NE,,Apr-19,PAID,1.99,4.73,2,,,N/A,
4949,,Apr-19,38.72,0,3.92,,N,NULL,NW,NW,,NW,,Apr-19,PAID,1.99,40.71,2,,,N/A,
5003,,Apr-19,86.44,0,0,,N,119,GL,GL,,GL,,Apr-19,PAID,1.99,88.43,10,,,N/A,
5034,,Apr-19,65.41,0,12.1,,N,NULL,SW,SW,,SW,,Apr-19,PAID,1.99,67.4,5,,,N/A,
5040,,Apr-19,38.78,0,0,,Y,52,WM,WM,,WM,,Apr-19,FREE,0,38.78,3,,,N/A,
5056,,Apr-19,13.83,0,0.92,,N,NULL,NW,NW,,NW,,Apr-19,PAID,1.99,15.82,6,,,N/A,
5075,,Apr-19,34.11,0,0,,N,NULL,EE,EE,,EE,,Apr-19,PAID,1.99,36.1,4,,,N/A,
5082,,Apr-19,45.4,0,6.37,,N,NULL,WM,WM,,WM,,Apr-19,PAID,1.99,47.39,5,,,N/A,
5084,,Apr-19,72.78,0,0,,N,NULL,NW,NW,,NW,,Apr-19,PAID,1.99,74.77,7,,,N/A,
5116,,Apr-19,50.18,0,2.72,,N,NULL,NE,NE,,NE,,Apr-19,PAID,1.99,52.17,9,,,N/A,
5119,,Apr-19,11.07,0,0,,Y,16,NW,NW,,NW,,Apr-19,FREE,0,11.07,3,,,N/A,
5135,,Apr-19,63.45,0,0,,N,NULL,SE,SE,,SE,,Apr-19,PAID,1.99,65.44,6,,,N/A,
5179,,Apr-19,58.62,0,0,,Y,50,EM,EM,,EM,,Apr-19,FREE,0,58.62,5,,,N/A,
5208,,Apr-19,23.4,0,1.17,,N,NULL,GL,GL,,GL,,Apr-19,PAID,1.99,25.39,1,,,N/A,
5243,,May-19,2.46,0,0,,N,NULL,SW,SW,,SW,,May-19,PAID,1.99,4.45,1,,,N/A,
5261,,May-19,39.23,0,0,,N,NULL,SC,SC,,SC,,May-19,PAID,1.99,41.22,4,,,N/A,
5324,,May-19,68.09,0,0,,N,183,GL,GL,,GL,,May-19,PAID,1.99,70.08,1,,,N/A,
5378,,May-19,6.96,0,0,,N,NULL,WM,WM,,WM,,May-19,PAID,1.99,8.95,7,,,N/A,
5394,,May-19,17.76,0,0.89,,Y,81,SE,SE,,SE,SPRINGCLEAN,May-19,FREE,0,17.76,9,,,N/A,
5405,,May-19,3.2,0,0.16,,N,NULL,NW,NW,,NW,,May-19,PAID,1.99,5.19,3,,,N/A,
5410,,May-19,10.89,0,0,,N,NULL,SC,SC,,SC,,May-19,PAID,1.99,12.88,2,,,N/A,
5411,,May-19,86.93,0,0,,N,NULL,GL,GL,,GL,,May-19,PAID,1.99,88.92,6,,,N/A,
5425,,May-19,91.55,0,0,,Y,60,NW,NW,,NW,SPRINGCLEAN,May-19,FREE,0,91.55,6,,,N/A,
5435,,May-19,38.01,0,7.61,,Y,84,SC,SC,,SC,,May-19,FREE,0,38.01,1,,,N/A,
5490,,May-19,44.41,0,0,,N,NULL,NW,NW,,NW,,May-19,PAID,1.99,46.4,7,,,N/A,
5495,,May-19,12.09,0,0.61,,N,NULL,GL,GL,,GL,,May-19,PAID,1.99,14.08,1,,,N/A,
5499,,May-19,28.92,0,0,,N,NULL,GL,GL,,GL,,May-19,PAID,1.99,30.91,1,,,N/A,
5522,,May-19,52.81,0,0,,Y,80,GL,GL,,GL,,May-19,FREE,0,52.81,7,,,N/A,
5536,,May-19,75.03,0,0,,N,NULL,NE,NE,,NE,,May-19,PAID,1.99,77.02,1,,,N/A,
5538,,May-19,123.19,0,20.95,,Y,128,WM,WM,,WM,SPRINGCLEAN,May-19,FREE,0,123.19,4,,,N/A,
5579,,May-19,15,0,0,,Y,12,SE,SE,,SE,,May-19,FREE,0,15,1,,,N/A,
5616,,May-19,50.56,0,0,,Y,11,NW,NW,,NW,SPRINGCLEAN,May-19,FREE,0,50.56,9,,,N/A,
5628,,May-19,65.57,0,0,,Y,177,EM,EM,,EM,,May-19,FREE,0,65.57,9,,,N/A,
5650,,May-19,41.92,0,0,,N,NULL,WM,WM,,WM,,May-19,PAID,1.99,43.91,7,,,N/A,
5658,,May-19,26.53,0,0,,Y,106,NW,NW,,NW,,May-19,FREE,0,26.53,1,,,N/A,
5684,,May-19,47.66,0,0,,N,NULL,GL,GL,,GL,,May-19,PAID,1.99,49.65,8,,,N/A,
5688,,May-19,65.66,0,0,,N,NULL,WL,WL,,WL,,May-19,PAID,1.99,67.65,4,,,N/A,
5690,,May-19,21.55,0,0,,Y,27,EM,EM,,EM,,May-19,FREE,0,21.55,8,,,N/A,
5696,,May-19,54.47,0,0,,Y,92,SW,SW,,SW,,May-19,FREE,0,54.47,1,,,N/A,
5713,,May-19,77.45,0,0,,Y,163,EE,EE,,EE,,May-19,FREE,0,77.45,3,,,N/A,
5720,,May-19,95.23,0,0,,N,NULL,WM,WM,,WM,,May-19,PAID,1.99,97.22,9,,,N/A,
5753,,May-19,28.27,0,0,,N,NULL,GL,GL,,GL,,May-19,PAID,1.99,30.26,7,,,N/A,
5757,,May-19,75.92,0,0,,Y,23,GL,GL,,GL,SPRINGCLEAN,May-19,FREE,0,75.92,10,,,N/A,
5759,,May-19,77.38,0,0,,Y,191,EE,EE,,EE,SPRINGCLEAN,May-19,FREE,0,77.38,3,,,N/A,
5773,,May-19,83.96,0,0,,N,NULL,NW,NW,,NW,SPRINGCLEAN,May-19,PAID,1.99,85.95,12,,,N/A,
5775,,May-19,89.93,0,0,,N,NULL,NE,NE,,NE,,May-19,PAID,1.99,91.92,7,,,N/A,
5778,,May-19,59.22,0,0,,N,NULL,WL,WL,,WL,,May-19,PAID,1.99,61.21,4,,,N/A,
5803,,May-19,57.26,0,0,,Y,76,NW,NW,,NW,,May-19,FREE,0,57.26,3,,,N/A,
5834,,May-19,36.54,0,0.22,,N,NULL,NW,NW,,NW,,May-19,PAID,1.99,38.53,6,,,N/A,
5842,,May-19,44.4,0,0,,N,NULL,SW,SW,,SW,,May-19,PAID,1.99,46.39,3,,,N/A,
5845,,May-19,70.43,0,0,,Y,22,SE,SE,,SE,,May-19,FREE,0,70.43,1,,,N/A,
5847,,May-19,11.44,0,2.28,,Y,56,YH,YH,,YH,SPRINGCLEAN,May-19,FREE,0,11.44,5,,,N/A,
5864,,May-19,34.93,0,0,,N,NULL,WM,WM,,WM,,May-19,PAID,1.99,36.92,10,,,N/A,
5883,,May-19,60.63,0,0,,N,NULL,EM,EM,,EM,SPRINGCLEAN,May-19,PAID,1.99,62.62,4,,,N/A,
5887,,May-19,8.55,0,0,,N,NULL,WM,WM,,WM,,May-19,PAID,1.99,10.54,10,,,N/A,
5969,,May-19,67.52,0,0,,N,NULL,NW,NW,,NW,,May-19,PAID,1.99,69.51,5,,,N/A,
5978,,May-19,84.4,0,0,,N,NULL,SC,SC,,SC,,May-19,PAID,1.99,86.39,7,,,N/A,
5988,,May-19,95.93,0,0,,Y,190,SE,SE,,SE,,May-19,FREE,0,95.93,2,,,N/A,
6043,,May-19,5.32,0,0.27,,N,NULL,EM,EM,,EM,SPRINGCLEAN,May-19,PAID,1.99,7.31,2,,,N/A,
6046,,May-19,66.63,0,5.34,,Y,71,WL,WL,,WL,,May-19,FREE,0,66.63,7,,,N/A,
6121,,May-19,97.21,0,0,,Y,9,WL,WL,,WL,,May-19,FREE,0,97.21,3,,,N/A,
6154,,May-19,18.97,0,0,,N,NULL,EE,EE,,EE,,May-19,PAID,1.99,20.96,9,,,N/A,
6202,,May-19,33.99,0,0,,Y,90,NW,NW,,NW,,May-19,FREE,0,33.99,1,,,N/A,
6205,,May-19,57.87,0,0,,Y,96,WL,WL,,WL,SPRINGCLEAN,May-19,FREE,0,57.87,8,,,N/A,
6233,,May-19,30.29,0,0,,Y,58,NW,NW,,NW,,May-19,FREE,0,30.29,3,,,N/A,
6276,,May-19,68.22,0,0,,Y,160,EE,EE,,EE,,May-19,FREE,0,68.22,8,,,N/A,
6304,,May-19,70.66,0,3.54,,Y,152,GL,GL,,GL,SPRINGCLEAN,May-19,FREE,0,70.66,8,,,N/A,
6311,,May-19,45.64,0,0,,Y,94,GL,GL,,GL,SPRINGCLEAN,May-19,FREE,0,45.64,7,,,N/A,
6321,,May-19,81.33,0,4.07,,N,NULL,NE,NE,,NE,,May-19,PAID,1.99,83.32,3,,,N/A,
6324,,May-19,4.51,0,0,,Y,38,EM,EM,,EM,,May-19,FREE,0,4.51,1,,,N/A,
6369,,May-19,62.68,0,0,,N,NULL,WM,WM,,WM,,May-19,PAID,1.99,64.67,4,,,N/A,
6373,,May-19,39.39,0,9.23,,N,NULL,SW,SW,,SW,,May-19,PAID,1.99,41.38,10,,,N/A,
6385,,May-19,68.11,0,0,,N,NULL,SW,SW,,SW,,May-19,PAID,1.99,70.1,6,,,N/A,
6388,,Jun-19,57.88,0,2.9,,Y,80,GL,GL,,GL,,Jun-19,FREE,0,57.88,5,,,N/A,
6414,,Jun-19,10.55,0,0,,Y,100,NW,NW,,NW,,Jun-19,FREE,0,10.55,5,,,N/A,
6449,,Jun-19,47.62,0,0,,Y,73,SW,SW,,SW,,Jun-19,FREE,0,47.62,5,,,N/A,
6500,,Jun-19,48.41,0,0,,Y,200,EM,EM,,EM,,Jun-19,FREE,0,48.41,7,,,N/A,
6526,,Jun-19,15.14,0,3.03,,N,NULL,SE,SE,,SE,,Jun-19,PAID,1.99,17.13,8,,,N/A,
6570,,Jun-19,14.1,0,2.82,,Y,45,NW,NW,,NW,,Jun-19,FREE,0,14.1,3,,,N/A,
6603,,Jun-19,44.21,0,0,,N,NULL,GL,GL,,GL,,Jun-19,PAID,1.99,46.2,6,,,N/A,
6612,,Jun-19,16.98,0,3.39,,Y,66,NW,NW,,NW,,Jun-19,FREE,0,16.98,3,,,N/A,
6655,,Jun-19,20.87,0,0,,Y,72,WM,WM,,WM,,Jun-19,FREE,0,20.87,4,,,N/A,
6655,,Jun-19,20.87,0,0,,Y,82,GL,GL,,GL,,Jun-19,FREE,0,20.87,3,,,N/A,
6686,,Jun-19,49.06,0,0.36,,Y,97,SE,SE,,SE,,Jun-19,FREE,0,49.06,9,,,N/A,
6702,,Jun-19,23.56,0,1.18,,Y,279,GL,GL,,GL,,Jun-19,FREE,0,23.56,9,,,N/A,
6717,,Jun-19,2.32,0,0,,N,NULL,SC,SC,,SC,,Jun-19,PAID,1.99,4.31,8,,,N/A,
6792,,Jun-19,61.12,0,3.06,,Y,90,NW,NW,,NW,,Jun-19,FREE,0,61.12,8,,,N/A,
6792,,Jun-19,61.12,0,3.06,,Y,90,NW,NW,,NW,,Jun-19,FREE,0,61.12,3,,,N/A,
6810,,Jun-19,17.83,0,0,,N,NULL,NW,NW,,NW,,Jun-19,PAID,1.99,19.82,3,,,N/A,
6834,,Jun-19,6.25,0,0,,Y,95,SW,SW,,SW,,Jun-19,FREE,0,6.25,4,,,N/A,
6871,,Jun-19,79.08,0,12.1,,N,NULL,WM,WM,,WM,,Jun-19,PAID,1.99,81.07,2,,,N/A,
6913,,Jun-19,48.64,0,0,,N,NULL,NW,NW,,NW,,Jun-19,PAID,1.99,50.63,8,,,N/A,
6958,,Jun-19,234.08,0,46.81,,N,77,YH,YH,,YH,,Jun-19,PAID,1.99,236.07,6,,,N/A,
6965,,Jun-19,27.56,0,0,,Y,237,NW,NW,,NW,,Jun-19,FREE,0,27.56,6,,,N/A,
6984,,Jun-19,19.11,0,3.83,,Y,287,GL,GL,,GL,,Jun-19,FREE,0,19.11,2,,,N/A,
7038,,Jun-19,9.63,0,0,,N,NULL,EM,EM,,EM,,Jun-19,PAID,1.99,11.62,2,,,N/A,
7045,,Jun-19,71.88,0,3.6,,Y,199,NW,NW,,NW,,Jun-19,FREE,0,71.88,4,,,N/A,
7082,,Jun-19,36.95,0,0,,Y,291,WM,WM,,WM,,Jun-19,FREE,0,36.95,4,,,N/A,
7094,,Jun-19,26.42,0,0,,Y,156,EM,EM,,EM,,Jun-19,FREE,0,26.42,6,,,N/A,
7118,,Jun-19,14.86,0,0,,Y,67,WM,WM,,WM,,Jun-19,FREE,0,14.86,9,,,N/A,
7259,,Jun-19,48.94,0,0,,Y,25,NW,NW,,NW,,Jun-19,FREE,0,48.94,7,,,N/A,
7261,,Jun-19,21.56,0,0,,N,NULL,WM,WM,,WM,,Jun-19,PAID,1.99,23.55,4,,,N/A,
7282,,Jun-19,27.5,0,0,,Y,263,YH,YH,,YH,,Jun-19,FREE,0,27.5,4,,,N/A,
7284,,Jun-19,57.6,0,0,,Y,150,SC,SC,,SC,,Jun-19,FREE,0,57.6,7,,,N/A,
7306,,Jun-19,76.79,0,12.39,,Y,180,WL,WL,,WL,,Jun-19,FREE,0,76.79,10,,,N/A,
7342,,Jun-19,38.18,0,0,,Y,271,NW,NW,,NW,,Jun-19,FREE,0,38.18,2,,,N/A,
7349,,Jun-19,22.72,0,0,,N,NULL,WM,WM,,WM,,Jun-19,PAID,1.99,24.71,5,,,N/A,
7374,,Jun-19,78.95,0,0,,N,NULL,SE,SE,,SE,,Jun-19,PAID,1.99,80.94,5,,,N/A,
7401,,Jun-19,82.75,0,10.82,,Y,252,SE,SE,,SE,,Jun-19,FREE,0,82.75,2,,,N/A,
7460,,Jun-19,69,0,0,,N,NULL,GL,GL,,GL,,Jun-19,PAID,1.99,70.99,1,,,N/A,
7515,,Jun-19,92.49,0,0,,N,NULL,NW,NW,,NW,,Jun-19,PAID,1.99,94.48,8,,,N/A,
7518,,Jun-19,23.12,0,0,,N,NULL,SC,SC,,SC,,Jun-19,PAID,1.99,25.11,7,,,N/A,
7525,,Jun-19,51.91,0,0,,N,NULL,SE,SE,,SE,,Jun-19,PAID,1.99,53.9,3,,,N/A,
7526,,Jun-19,48.2,0,9.64,,N,NULL,GL,GL,,GL,,Jun-19,PAID,1.99,50.19,3,,,N/A,
7528,,Jun-19,32.13,0,6.43,,Y,310,GL,GL,,GL,,Jun-19,FREE,0,32.13,6,,,N/A,
7534,,Jun-19,32.66,0,0,,Y,389,WM,WM,,WM,,Jun-19,FREE,0,32.66,7,,,N/A,
7535,,Jun-19,73.87,0,14.77,,N,NULL,NW,NW,,NW,,Jun-19,PAID,1.99,75.86,9,,,N/A,
7567,,Jun-19,86.49,0,0,,Y,93,EE,EE,,EE,,Jun-19,FREE,0,86.49,9,,,N/A,
7571,,Jun-19,5.83,0,0,,N,NULL,SC,SC,,SC,,Jun-19,PAID,1.99,7.82,6,,,N/A,
7646,,Jun-19,38.53,0,7.71,,Y,224,NW,NW,,NW,,Jun-19,FREE,0,38.53,9,,,N/A,
7687,,Jun-19,57.06,0,0,,N,NULL,SE,SE,,SE,,Jun-19,PAID,1.99,59.05,6,,,N/A,
7704,,Jun-19,30.17,0,0,,N,NULL,SW,SW,,SW,,Jun-19,PAID,1.99,32.16,3,,,N/A,
7721,,Jun-19,66.85,0,0,,N,NULL,NW,NW,,NW,,Jun-19,PAID,1.99,68.84,3,,,N/A,
7758,,Jul-19,18.22,0,0,,Y,25,NW,NW,,NW,,Jul-19,FREE,0,18.22,8,,,N/A,
7773,,Jul-19,75.68,0,0,,N,NULL,NW,NW,,NW,,Jul-19,PAID,1.99,77.67,7,,,N/A,
7782,,Jul-19,80.2,0,4.01,,Y,165,YH,YH,,YH,,Jul-19,FREE,0,80.2,1,,,N/A,
7794,,Jul-19,21.38,0,1.07,,N,295,EM,EM,,EM,,Jul-19,PAID,1.99,23.37,10,,,N/A,
7811,,Jul-19,78.75,0,0,,N,NULL,WM,WM,,WM,,Jul-19,PAID,1.99,80.74,10,,,N/A,
7815,,Jul-19,28.82,0,0,,N,NULL,WM,WM,,WM,,Jul-19,PAID,1.99,30.81,7,,,N/A,
7833,,Jul-19,10.78,0,1.29,,Y,58,NW,NW,,NW,,Jul-19,FREE,0,10.78,2,,,N/A,
7846,,Jul-19,2.08,0,0,,Y,157,NW,NW,,NW,,Jul-19,FREE,0,2.08,1,,,N/A,
7866,,Jul-19,26.55,0,0,,N,NULL,EM,EM,,EM,,Jul-19,PAID,1.99,28.54,6,,,N/A,
7883,,Jul-19,7.19,0,0,,N,NULL,NW,NW,,NW,,Jul-19,PAID,1.99,9.18,1,,,N/A,
7972,,Jul-19,47.3,0,0,,Y,188,WL,WL,,WL,,Jul-19,FREE,0,47.3,9,,,N/A,
8012,,Jul-19,39.66,0,0,,Y,105,WL,WL,,WL,,Jul-19,FREE,0,39.66,7,,,N/A,
8030,,Jul-19,63.81,0,0,,N,NULL,GL,GL,,GL,,Jul-19,PAID,1.99,65.8,2,,,N/A,
8077,,Jul-19,1.98,0,0.4,,N,NULL,GL,GL,,GL,,Jul-19,PAID,1.99,3.97,7,,,N/A,
8107,,Jul-19,71.84,0,0,,Y,169,GL,GL,,GL,,Jul-19,FREE,0,71.84,2,,,N/A,
8107,,Jul-19,76.31,0,0,,N,NULL,EE,EE,,EE,,Jul-19,PAID,1.99,78.3,4,,,N/A,
8121,,Jul-19,36.05,0,0,,N,NULL,GL,GL,,GL,,Jul-19,PAID,1.99,38.04,3,,,N/A,
8137,,Jul-19,2.74,0,0.54,,N,NULL,GL,GL,,GL,,Jul-19,PAID,1.99,4.73,7,,,N/A,
8146,,Jul-19,44.84,0,0.81,,Y,120,WM,WM,,WM,,Jul-19,FREE,0,44.84,2,,,N/A,
8156,,Jul-19,4.29,0,0.22,,Y,271,NW,NW,,NW,,Jul-19,FREE,0,4.29,4,,,N/A,
8202,,Jul-19,83.64,0,0,,N,NULL,NW,NW,,NW,,Jul-19,PAID,1.99,85.63,2,,,N/A,
8203,,Jul-19,19.32,0,3.87,,Y,226,SC,SC,,SC,,Jul-19,FREE,0,19.32,7,,,N/A,
8228,,Jul-19,13.9,0,0,,Y,250,SW,SW,,SW,,Jul-19,FREE,0,13.9,1,,,N/A,
8246,,Jul-19,61.27,0,0,,Y,94,SE,SE,,SE,,Jul-19,FREE,0,61.27,9,,,N/A,
8263,,Jul-19,24.04,0,0,,Y,103,NW,NW,,NW,,Jul-19,FREE,0,24.04,2,,,N/A,
8280,,Jul-19,82.83,0,7.46,,Y,2,GL,GL,,GL,,Jul-19,FREE,0,82.83,4,,,N/A,
8282,,Jul-19,24.26,0,0,,Y,26,SE,SE,,SE,,Jul-19,FREE,0,24.26,2,,,N/A,
8295,,Jul-19,41.72,0,0,,N,NULL,SC,SC,,SC,,Jul-19,PAID,1.99,43.71,7,,,N/A,
8305,,Jul-19,51.29,0,0,,N,NULL,EM,EM,,EM,,Jul-19,PAID,1.99,53.28,2,,,N/A,
8310,,Jul-19,5.17,0,0,,Y,29,SW,SW,,SW,,Jul-19,FREE,0,5.17,4,,,N/A,
8321,,Jul-19,82.77,0,0,,Y,20,EM,EM,,EM,,Jul-19,FREE,0,82.77,9,,,N/A,
8354,,Jul-19,76.08,0,10.23,,Y,112,SC,SC,,SC,,Jul-19,FREE,0,76.08,9,,,N/A,
8402,,Jul-19,41.96,0,0,,Y,253,EE,EE,,EE,,Jul-19,FREE,0,41.96,2,,,N/A,
8420,,Jul-19,99.64,0,4.99,,Y,53,WM,WM,,WM,,Jul-19,FREE,0,99.64,10,,,N/A,
8450,,Jul-19,93.8,0,0.37,,Y,102,GL,GL,,GL,,Jul-19,FREE,0,93.8,7,,,N/A,
8450,,Jul-19,46.95,0,0,,N,NULL,WL,WL,,WL,,Jul-19,PAID,1.99,48.94,2,,,N/A,
8450,,Jul-19,45.95,0,0,,N,NULL,GL,GL,,GL,,Jul-19,PAID,1.99,47.94,9,,,N/A,
8472,,Jul-19,60.59,0,12.12,,Y,130,WL,WL,,WL,,Jul-19,FREE,0,60.59,9,,,N/A,
8508,,Jul-19,15.15,0,0,,Y,59,SW,SW,,SW,,Jul-19,FREE,0,15.15,1,,,N/A,
8517,,Jul-19,213.92,0,41.12,,N,NULL,SC,SC,,SC,,Jul-19,PAID,1.99,215.91,7,,,N/A,
8518,,Aug-19,22.69,0,4.53,,N,16,NW,NW,,NW,SUMMERSALE,Aug-19,PAID,1.99,24.68,2,,,N/A,
8530,,Aug-19,94.96,0,0,,Y,263,NE,NE,,NE,,Aug-19,FREE,0,94.96,10,,,N/A,
8602,,Aug-19,26.82,0,0,,N,NULL,SE,SE,,SE,,Aug-19,PAID,1.99,28.81,5,,,N/A,
8604,,Aug-19,84.14,0,0,,N,NULL,SE,SE,,SE,SUMMERSALE,Aug-19,PAID,1.99,86.13,3,,,N/A,
8610,,Aug-19,63.42,0,12.68,,Y,230,EM,EM,,EM,SUMMERSALE,Aug-19,FREE,0,63.42,6,,,N/A,
8611,,Aug-19,23.62,0,0,,N,NULL,NE,NE,,NE,,Aug-19,PAID,1.99,25.61,5,,,N/A,
8615,,Aug-19,48.91,0,0,,N,NULL,NW,NW,,NW,,Aug-19,PAID,1.99,50.9,5,,,N/A,
8617,,Aug-19,72.12,0,11.2,,Y,78,GL,GL,,GL,,Aug-19,FREE,0,72.12,6,,,N/A,
8653,,Aug-19,35.27,0,1.77,,N,NULL,NE,NE,,NE,,Aug-19,PAID,1.99,37.26,8,,,N/A,
8657,,Aug-19,12.53,0,0.63,,N,NULL,YH,YH,,YH,,Aug-19,PAID,1.99,14.52,7,,,N/A,
8661,,Aug-19,55.21,0,0,,Y,7,GL,GL,,GL,SUMMERSALE,Aug-19,FREE,0,55.21,10,,,N/A,
8687,,Aug-19,12.82,0,2.56,,N,NULL,WL,WL,,WL,SUMMERSALE,Aug-19,PAID,1.99,14.81,4,,,N/A,
8691,,Aug-19,94.18,0,0,,Y,236,SW,SW,,SW,,Aug-19,FREE,0,94.18,10,,,N/A,
8706,,Aug-19,16.77,0,0.84,,N,NULL,GL,GL,,GL,,Aug-19,PAID,1.99,18.76,7,,,N/A,
8762,,Aug-19,72.27,0,0,,Y,193,WL,WL,,WL,,Aug-19,FREE,0,72.27,5,,,N/A,
8762,,Aug-19,73.32,0,0,,N,NULL,EE,EE,,EE,SUMMERSALE,Aug-19,PAID,1.99,75.31,6,,,N/A,
8762,,Aug-19,39.01,0,0,,N,NULL,WM,WM,,WM,,Aug-19,PAID,1.99,41,3,,,N/A,
8815,,Aug-19,12.55,0,0,,N,NULL,EM,EM,,EM,SUMMERSALE,Aug-19,PAID,1.99,14.54,6,,,N/A,
8817,,Aug-19,39.05,0,0,,N,NULL,EE,EE,,EE,,Aug-19,PAID,1.99,41.04,1,,,N/A,
8833,,Aug-19,51.28,0,2.57,,Y,225,GL,GL,,GL,,Aug-19,FREE,0,51.28,7,,,N/A,
8833,,Aug-19,51.28,0,10.26,,N,NULL,GL,GL,,GL,SUMMERSALE,Aug-19,PAID,1.99,53.27,7,,,N/A,
8859,,Aug-19,4.33,0,0,,N,NULL,SW,SW,,SW,,Aug-19,PAID,1.99,6.32,4,,,N/A,
8881,,Aug-19,40.24,0,0,,N,NULL,NW,NW,,NW,,Aug-19,PAID,1.99,42.23,10,,,N/A,
8968,,Aug-19,12.49,0,0.63,,Y,21,EE,EE,,EE,,Aug-19,FREE,0,12.49,2,,,N/A,
9014,,Aug-19,20.66,0,0,,N,NULL,WM,WM,,WM,SUMMERSALE,Aug-19,PAID,1.99,22.65,4,,,N/A,
9053,,Aug-19,13.89,0,0.7,,N,NULL,SE,SE,,SE,,Aug-19,PAID,1.99,15.88,10,,,N/A,
9092,,Aug-19,77.67,0,3.89,,N,NULL,YH,YH,,YH,,Aug-19,PAID,1.99,79.66,7,,,N/A,
9094,,Aug-19,76.17,0,3.81,,Y,7,GL,GL,,GL,,Aug-19,FREE,0,76.17,7,,,N/A,
9103,,Aug-19,52.29,0,0,,N,NULL,SC,SC,,SC,,Aug-19,PAID,1.99,54.28,2,,,N/A,
9141,,Aug-19,65.1,0,3.26,,N,NULL,GL,GL,,GL,SUMMERSALE,Aug-19,PAID,1.99,67.09,7,,,N/A,
9141,,Aug-19,12.99,0,0.65,,N,NULL,WM,WM,,WM,SUMMERSALE,Aug-19,PAID,1.99,14.98,6,,,N/A,
9176,,Aug-19,73.97,0,3.7,,N,NULL,YH,YH,,YH,,Aug-19,PAID,1.99,75.96,4,,,N/A,
9185,,Aug-19,27.92,0,0,,Y,192,SW,SW,,SW,,Aug-19,FREE,0,27.92,6,,,N/A,
9383,,Aug-19,29.67,0,0,,N,NULL,NW,NW,,NW,SUMMERSALE,Aug-19,PAID,1.99,31.66,8,,,N/A,
9418,,Aug-19,51.52,0,0,,N,NULL,WM,WM,,WM,SUMMERSALE,Aug-19,PAID,1.99,53.51,2,,,N/A,
9433,,Aug-19,46.83,0,0,,N,NULL,NW,NW,,NW,SUMMERSALE,Aug-19,PAID,1.99,48.82,1,,,N/A,
9453,,Aug-19,71.45,0,3.58,,N,NULL,GL,GL,,GL,,Aug-19,PAID,1.99,73.44,1,,,N/A,
9478,,Aug-19,72.53,0,0,,N,NULL,NE,NE,,NE,,Aug-19,PAID,1.99,74.52,8,,,N/A,
9489,,Aug-19,16.09,0,0,,N,16,NW,NW,,NW,,Aug-19,PAID,1.99,18.08,10,,,N/A,
9489,,Aug-19,14.35,0,0,,N,NULL,NW,NW,,NW,,Aug-19,PAID,1.99,16.34,5,,,N/A,
9531,,Aug-19,27.42,0,0,,N,NULL,GL,GL,,GL,,Aug-19,PAID,1.99,29.41,1,,,N/A,
9553,,Aug-19,77.93,0,0,,N,NULL,NE,NE,,NE,,Aug-19,PAID,1.99,79.92,1,,,N/A,
9570,,Aug-19,12.09,0,0,,N,NULL,GL,GL,,GL,,Aug-19,PAID,1.99,14.08,7,,,N/A,
9585,,Aug-19,12.49,0,0,,N,NULL,SW,SW,,SW,,Aug-19,PAID,1.99,14.48,2,,,N/A,
9609,,Aug-19,55.77,0,0,,N,NULL,WM,WM,,WM,SUMMERSALE,Aug-19,PAID,1.99,57.76,6,,,N/A,
9661,,Aug-19,39.35,0,0,,N,NULL,WM,WM,,WM,SUMMERSALE,Aug-19,PAID,1.99,41.34,4,,,N/A,
9664,,Aug-19,38.59,0,0,,N,NULL,WM,WM,,WM,,Aug-19,PAID,1.99,40.58,6,,,N/A,
9686,,Aug-19,12.57,0,0,,N,NULL,GL,GL,,GL,SUMMERSALE,Aug-19,PAID,1.99,14.56,6,,,N/A,
9754,,Aug-19,62.88,0,0,,N,NULL,NW,NW,,NW,,Aug-19,PAID,1.99,64.87,10,,,N/A,
9761,,Aug-19,26.59,0,0,,N,202,SC,SC,,SC,,Aug-19,PAID,1.99,28.58,1,,,N/A,
9773,,Aug-19,8.36,0,0,,N,NULL,WM,WM,,WM,,Aug-19,PAID,1.99,10.35,10,,,N/A,
9781,,Aug-19,40.19,0,0,,N,NULL,EM,EM,,EM,,Aug-19,PAID,1.99,42.18,9,,,N/A,
9789,,Aug-19,89.58,0,4.48,,N,NULL,SC,SC,,SC,SUMMERSALE,Aug-19,PAID,1.99,91.57,5,,,N/A,
9806,,Aug-19,15.23,0,0.77,,N,NULL,EM,EM,,EM,,Aug-19,PAID,1.99,17.22,6,,,N/A,
9811,,Aug-19,4.73,0,0.24,,Y,176,NW,NW,,NW,,Aug-19,FREE,0,4.73,1,,,N/A,
9852,,Aug-19,90.28,0,0,,Y,178,WM,WM,,WM,SUMMERSALE,Aug-19,FREE,0,90.28,9,,,N/A,
9872,,Aug-19,28.14,0,0,,N,NULL,NW,NW,,NW,,Aug-19,PAID,1.99,30.13,10,,,N/A,
9918,,Aug-19,19.9,0,1,,Y,44,NW,NW,,NW,,Aug-19,FREE,0,19.9,5,,,N/A,
9944,,Aug-19,55.58,0,1.03,,N,NULL,YH,YH,,YH,,Aug-19,PAID,1.99,57.57,8,,,N/A,
9981,,Aug-19,29.04,0,0,,N,NULL,NW,NW,,NW,,Aug-19,PAID,1.99,31.03,6,,,N/A,
9986,,Aug-19,9.83,0,0,,N,32,WM,WM,,WM,SUMMERSALE,Aug-19,PAID,1.99,11.82,7,,,N/A,
9988,,Aug-19,14.21,0,0,,N,NULL,WM,WM,,WM,SUMMERSALE,Aug-19,PAID,1.99,16.2,7,,,N/A,
10014,,Aug-19,40.17,0,0,,N,NULL,SC,SC,,SC,,Aug-19,PAID,1.99,42.16,4,,,N/A,
10068,,Aug-19,0.93,0,0.05,,Y,129,GL,GL,,GL,,Aug-19,FREE,0,0.93,1,,,N/A,
10070,,Aug-19,29.31,0,0,,N,NULL,NE,NE,,NE,,Aug-19,PAID,1.99,31.3,3,,,N/A,
10104,,Aug-19,32.41,0,0,,N,NULL,NW,NW,,NW,SUMMERSALE,Aug-19,PAID,1.99,34.4,9,,,N/A,
10119,,Aug-19,30.68,0,0,,N,NULL,WM,WM,,WM,SUMMERSALE,Aug-19,PAID,1.99,32.67,9,,,N/A,
10120,,Aug-19,29.14,0,0,,N,NULL,NW,NW,,NW,SUMMERSALE,Aug-19,PAID,1.99,31.13,2,,,N/A,
10124,,Aug-19,56.89,0,0,,N,NULL,EM,EM,,EM,SUMMERSALE,Aug-19,PAID,1.99,58.88,8,,,N/A,
10150,,Aug-19,88.75,0,1.08,,Y,63,GL,GL,,GL,,Aug-19,FREE,0,88.75,4,,,N/A,
10157,,Aug-19,58.42,0,0,,N,NULL,NW,NW,,NW,,Aug-19,PAID,1.99,60.41,4,,,N/A,
10175,,Aug-19,99.45,0,19.89,,N,24,WM,WM,,WM,,Aug-19,PAID,1.99,101.44,10,,,N/A,
10187,,Aug-19,88.46,0,0,,N,NULL,WM,WM,,WM,,Aug-19,PAID,1.99,90.45,6,,,N/A,
10230,,Aug-19,80.17,0,0,,N,NULL,NW,NW,,NW,SUMMERSALE,Aug-19,PAID,1.99,82.16,10,,,N/A,
10243,,Aug-19,47.4,0,0,,N,NULL,GL,GL,,GL,SUMMERSALE,Aug-19,PAID,1.99,49.39,2,,,N/A,
10252,,Aug-19,15.71,0,3.15,,N,NULL,WL,WL,,WL,SUMMERSALE,Aug-19,PAID,1.99,17.7,3,,,N/A,
10254,,Aug-19,70.27,0,0,,N,NULL,EM,EM,,EM,SUMMERSALE,Aug-19,PAID,1.99,72.26,9,,,N/A,
10266,,Aug-19,70.8,0,0,,N,NULL,GL,GL,,GL,SUMMERSALE,Aug-19,PAID,1.99,72.79,9,,,N/A,
10272,,Aug-19,13.07,0,0,,N,NULL,WM,WM,,WM,,Aug-19,PAID,1.99,15.06,10,,,N/A,
10287,,Aug-19,28.12,0,5.62,,Y,8,SE,SE,,SE,,Aug-19,FREE,0,28.12,2,,,N/A,
10303,,Aug-19,62.43,0,0,,Y,41,EE,EE,,EE,,Aug-19,FREE,0,62.43,10,,,N/A,
10337,,Sep-19,39.64,0,1.99,,Y,154,GL,GL,,GL,,Sep-19,FREE,0,39.64,8,,,N/A,
10357,,Sep-19,89.93,0,0,,Y,65,WM,WM,,WM,,Sep-19,FREE,0,89.93,5,,,N/A,
10361,,Sep-19,71.3,0,0,,N,NULL,EE,EE,,EE,,Sep-19,PAID,1.99,73.29,3,,,N/A,
10401,,Sep-19,91.05,0,0,,N,NULL,NE,NE,,NE,,Sep-19,PAID,1.99,93.04,5,,,N/A,
10413,,Sep-19,11.26,0,0,,N,NULL,SE,SE,,SE,,Sep-19,PAID,1.99,13.25,4,,,N/A,
10439,,Sep-19,83.34,0,0,,Y,41,EE,EE,,EE,,Sep-19,FREE,0,83.34,9,,,N/A,
10503,,Sep-19,45.26,0,9.06,,N,NULL,NE,NE,,NE,,Sep-19,PAID,1.99,47.25,2,,,N/A,
10504,,Sep-19,44.67,0,0,,N,NULL,WL,WL,,WL,,Sep-19,PAID,1.99,46.66,2,,,N/A,
10555,,Sep-19,12.14,0,0,,N,NULL,EM,EM,,EM,,Sep-19,PAID,1.99,14.13,4,,,N/A,
10556,,Sep-19,97.5,0,0,,Y,58,EM,EM,,EM,,Sep-19,FREE,0,97.5,3,,,N/A,
10559,,Sep-19,5.9,0,0,,Y,51,SC,SC,,SC,,Sep-19,FREE,0,5.9,5,,,N/A,
10605,,Sep-19,25.23,0,0,,Y,190,SE,SE,,SE,,Sep-19,FREE,0,25.23,4,,,N/A,
10606,,Sep-19,7.9,0,0,,N,NULL,EM,EM,,EM,,Sep-19,PAID,1.99,9.89,5,,,N/A,
10610,,Sep-19,17.75,0,0,,Y,16,NW,NW,,NW,,Sep-19,FREE,0,17.75,7,,,N/A,
10629,,Sep-19,69.65,0,0,,Y,89,GL,GL,,GL,,Sep-19,FREE,0,69.65,10,,,N/A,
10637,,Sep-19,82.5,0,7.59,,Y,37,SE,SE,,SE,,Sep-19,FREE,0,82.5,3,,,N/A,
10699,,Sep-19,63.16,0,0,,N,NULL,SE,SE,,SE,,Sep-19,PAID,1.99,65.15,2,,,N/A,
10713,,Sep-19,14.42,0,0,,N,NULL,EM,EM,,EM,,Sep-19,PAID,1.99,16.41,10,,,N/A,
10721,,Sep-19,27.84,0,5.57,,Y,278,NW,NW,,NW,,Sep-19,FREE,0,27.84,6,,,N/A,
10747,,Sep-19,47.37,0,0,,Y,276,GL,GL,,GL,,Sep-19,FREE,0,47.37,8,,,N/A,
10753,,Sep-19,13.42,0,0.68,,Y,18,YH,YH,,YH,,Sep-19,FREE,0,13.42,5,,,N/A,
10761,,Sep-19,28.76,0,0,,Y,352,EM,EM,,EM,,Sep-19,FREE,0,28.76,1,,,N/A,
10777,,Sep-19,97.06,0,19.41,,Y,363,EE,EE,,EE,,Sep-19,FREE,0,97.06,4,,,N/A,
10825,,Sep-19,93.69,0,0,,N,NULL,SC,SC,,SC,,Sep-19,PAID,1.99,95.68,9,,,N/A,
10835,,Sep-19,38.54,0,0,,Y,54,EM,EM,,EM,,Sep-19,FREE,0,38.54,5,,,N/A,
10854,,Sep-19,48.44,0,9.69,,Y,260,YH,YH,,YH,,Sep-19,FREE,0,48.44,7,,,N/A,
10887,,Sep-19,41.92,0,0,,Y,34,WM,WM,,WM,,Sep-19,FREE,0,41.92,6,,,N/A,
10899,,Sep-19,21.2,0,0,,Y,149,SW,SW,,SW,,Sep-19,FREE,0,21.2,3,,,N/A,
10956,,Sep-19,11.2,0,0.56,,Y,63,GL,GL,,GL,,Sep-19,FREE,0,11.2,7,,,N/A,
10958,,Sep-19,59.1,0,0,,N,NULL,SC,SC,,SC,,Sep-19,PAID,1.99,61.09,10,,,N/A,
10997,,Sep-19,52.67,0,0,,Y,67,WM,WM,,WM,,Sep-19,FREE,0,52.67,6,,,N/A,
11025,,Sep-19,56.71,0,0,,N,NULL,EM,EM,,EM,,Sep-19,PAID,1.99,58.7,6,,,N/A,
11029,,Sep-19,61.03,0,0,,N,NULL,WL,WL,,WL,,Sep-19,PAID,1.99,63.02,10,,,N/A,
11043,,Sep-19,36.04,0,0,,N,NULL,SW,SW,,SW,,Sep-19,PAID,1.99,38.03,1,,,N/A,
11114,,Sep-19,79.01,0,3.96,,N,NULL,SE,SE,,SE,,Sep-19,PAID,1.99,81,9,,,N/A,
11140,,Sep-19,65.32,0,0,,N,NULL,SC,SC,,SC,,Sep-19,PAID,1.99,67.31,7,,,N/A,
11147,,Sep-19,33.91,0,0,,N,NULL,SW,SW,,SW,,Sep-19,PAID,1.99,35.9,6,,,N/A,
11155,,Oct-19,6.37,0,0,,Y,151,SC,SC,,SC,,Oct-19,FREE,0,6.37,3,,,N/A,
11188,,Oct-19,30.07,0,0,,Y,36,WL,WL,,WL,,Oct-19,FREE,0,30.07,2,,,N/A,
11210,,Oct-19,33.95,0,0,,Y,16,NW,NW,,NW,,Oct-19,FREE,0,33.95,5,,,N/A,
11220,,Oct-19,78.88,0,0,,N,NULL,NE,NE,,NE,,Oct-19,PAID,1.99,80.87,10,,,N/A,
11236,,Oct-19,86.53,0,0,,N,NULL,GL,GL,,GL,,Oct-19,PAID,1.99,88.52,10,,,N/A,
11237,,Oct-19,12.68,0,0,,N,NULL,SC,SC,,SC,,Oct-19,PAID,1.99,14.67,8,,,N/A,
11275,,Oct-19,73.87,0,0,,Y,270,WL,WL,,WL,,Oct-19,FREE,0,73.87,7,,,N/A,
11320,,Oct-19,41.49,0,2.08,,Y,277,YH,YH,,YH,,Oct-19,FREE,0,41.49,6,,,N/A,
11335,,Oct-19,87.89,0,0,,N,NULL,NW,NW,,NW,,Oct-19,PAID,1.99,89.88,2,,,N/A,
11357,,Oct-19,49.04,0,0,,Y,132,SC,SC,,SC,,Oct-19,FREE,0,49.04,6,,,N/A,
11365,,Oct-19,79.65,0,0,,Y,283,EM,EM,,EM,,Oct-19,FREE,0,79.65,10,,,N/A,
11369,,Oct-19,40.98,0,0,,Y,247,WM,WM,,WM,,Oct-19,FREE,0,40.98,6,,,N/A,
11414,,Oct-19,12.66,0,0,,N,NULL,SW,SW,,SW,,Oct-19,PAID,1.99,14.65,3,,,N/A,
11417,,Oct-19,56.45,0,0,,N,NULL,GL,GL,,GL,,Oct-19,PAID,1.99,58.44,9,,,N/A,
11448,,Oct-19,29.42,0,0,,N,NULL,GL,GL,,GL,,Oct-19,PAID,1.99,31.41,9,,,N/A,
11486,,Oct-19,81.18,0,4.06,,Y,176,NW,NW,,NW,,Oct-19,FREE,0,81.18,10,,,N/A,
11521,,Oct-19,86.85,0,0,,N,NULL,EM,EM,,EM,,Oct-19,PAID,1.99,88.84,6,,,N/A,
11529,,Oct-19,41.5,0,0,,Y,126,GL,GL,,GL,,Oct-19,FREE,0,41.5,3,,,N/A,
11560,,Oct-19,2.3,0,0,,Y,24,WM,WM,,WM,,Oct-19,FREE,0,2.3,6,,,N/A,
11560,,Oct-19,92.8,0,0,,Y,90,NW,NW,,NW,,Oct-19,FREE,0,92.8,10,,,N/A,
11632,,Oct-19,91.96,0,0,,N,NULL,NW,NW,,NW,,Oct-19,PAID,1.99,93.95,6,,,N/A,
11640,,Oct-19,29.69,0,0,,N,NULL,EM,EM,,EM,,Oct-19,PAID,1.99,31.68,3,,,N/A,
11671,,Oct-19,33.45,0,0,,Y,129,EE,EE,,EE,,Oct-19,FREE,0,33.45,2,,,N/A,
11707,,Oct-19,111.1,0,5.56,,N,NULL,YH,YH,,YH,,Oct-19,PAID,1.99,113.09,2,,,N/A,
11712,,Oct-19,41.91,0,0,,N,NULL,WM,WM,,WM,,Oct-19,PAID,1.99,43.9,6,,,N/A,
11749,,Oct-19,36.77,0,0,,Y,207,SW,SW,,SW,,Oct-19,FREE,0,36.77,8,,,N/A,
11772,,Oct-19,55.51,0,0,,Y,162,SC,SC,,SC,,Oct-19,FREE,0,55.51,3,,,N/A,
11777,,Oct-19,42.52,0,2.13,,Y,62,NW,NW,,NW,,Oct-19,FREE,0,42.52,3,,,N/A,
11826,,Oct-19,8.62,0,1.73,,N,NULL,WL,WL,,WL,,Oct-19,PAID,1.99,10.61,1,,,N/A,
11861,,Oct-19,49.91,0,0,,N,NULL,SC,SC,,SC,,Oct-19,PAID,1.99,51.9,5,,,N/A,
11875,,Oct-19,237.1,0,11.86,,Y,173,YH,YH,,YH,,Oct-19,FREE,0,237.1,13,,,N/A,
11905,,Nov-19,16.21,0,3.25,,N,134,GL,GL,,GL,,Nov-19,PAID,1.99,18.2,7,,,N/A,
11907,,Nov-19,34.22,0,0,,Y,162,SC,SC,,SC,,Nov-19,FREE,0,34.22,4,,,N/A,
11943,,Nov-19,28.9,0,5.78,,Y,308,GL,GL,,GL,,Nov-19,FREE,0,28.9,10,,,N/A,
11946,,Nov-19,43.53,0,0,,N,NULL,EE,EE,,EE,,Nov-19,PAID,1.99,45.52,2,,,N/A,
11960,,Nov-19,64.34,0,0,,Y,159,SC,SC,,SC,,Nov-19,FREE,0,64.34,8,,,N/A,
12001,,Nov-19,34.59,0,0,,Y,301,WM,WM,,WM,,Nov-19,FREE,0,34.59,6,,,N/A,
12002,,Nov-19,1.99,0,0.1,,N,NULL,GL,GL,,GL,,Nov-19,PAID,1.99,3.98,3,,,N/A,
12008,,Nov-19,86.91,0,0,,Y,45,NW,NW,,NW,,Nov-19,FREE,0,86.91,10,,,N/A,
12025,,Nov-19,99.41,0,0,,Y,79,GL,GL,,GL,,Nov-19,FREE,0,99.41,10,,,N/A,
12068,,Nov-19,87.8,0,4.39,,Y,356,SE,SE,,SE,,Nov-19,FREE,0,87.8,10,,,N/A,
12167,,Nov-19,53.7,0,0,,Y,211,NE,NE,,NE,,Nov-19,FREE,0,53.7,3,,,N/A,
12189,,Nov-19,52.16,0,10.44,,N,NULL,SW,SW,,SW,,Nov-19,PAID,1.99,54.15,7,,,N/A,
12195,,Nov-19,8.16,0,0,,Y,319,GL,GL,,GL,,Nov-19,FREE,0,8.16,4,,,N/A,
12210,,Nov-19,32.41,0,0,,N,NULL,SW,SW,,SW,,Nov-19,PAID,1.99,34.4,3,,,N/A,
12217,,Nov-19,22.34,0,0,,Y,241,WM,WM,,WM,,Nov-19,FREE,0,22.34,10,,,N/A,
12232,,Nov-19,84.79,0,0,,N,NULL,EE,EE,,EE,,Nov-19,PAID,1.99,86.78,2,,,N/A,
12239,,Nov-19,35.9,0,0,,N,NULL,GL,GL,,GL,,Nov-19,PAID,1.99,37.89,5,,,N/A,
12310,,Nov-19,23.09,0,0,,Y,19,NW,NW,,NW,,Nov-19,FREE,0,23.09,5,,,N/A,
12317,,Nov-19,7.77,0,0,,N,300,WL,WL,,WL,,Nov-19,PAID,1.99,9.76,7,,,N/A,
12361,,Nov-19,81.1,0,0,,Y,323,NE,NE,,NE,,Nov-19,FREE,0,81.1,7,,,N/A,
12365,,Nov-19,26.7,0,1.34,,Y,193,GL,GL,,GL,,Nov-19,FREE,0,26.7,6,,,N/A,
12375,,Nov-19,12.03,0,0.61,,N,NULL,NW,NW,,NW,,Nov-19,PAID,1.99,14.02,9,,,N/A,
12388,,Nov-19,38.75,0,0,,N,,EE,EE,,EE,,Nov-19,PAID,1.99,40.74,8,,,N/A,
12395,,Nov-19,6.42,0,0,,N,NULL,NE,NE,,NE,,Nov-19,PAID,1.99,8.41,1,,,N/A,
12409,,Nov-19,77.82,0,0,,Y,60,NW,NW,,NW,,Nov-19,FREE,0,77.82,9,,,N/A,
12459,,Nov-19,3.421,0,0.68,,Y,107,WM,WM,,WM,,Nov-19,FREE,0,3.421,10,,,N/A,
12462,,Nov-19,84,0,0,,Y,106,NW,NW,,NW,,Nov-19,FREE,0,84,9,,,N/A,
12470,,Nov-19,98.96,0,0,,N,NULL,SE,SE,,SE,,Nov-19,PAID,1.99,100.95,5,,,N/A,
12471,,Nov-19,71.92,0,3.6,,Y,195,NW,NW,,NW,,Nov-19,FREE,0,71.92,6,,,N/A,
12483,,Nov-19,71.09,0,0,,N,362,SC,SC,,SC,,Nov-19,PAID,1.99,73.08,12,,,N/A,
12520,,Nov-19,58.21,0,2.92,,Y,176,NW,NW,,NW,,Nov-19,FREE,0,58.21,3,,,N/A,
12527,,Nov-19,78.87,0,0,,Y,357,WL,WL,,WL,,Nov-19,FREE,0,78.87,5,,,N/A,
12546,,Nov-19,85.47,0,0,,N,NULL,NW,NW,,NW,,Nov-19,PAID,1.99,87.46,3,,,N/A,
12551,,Nov-19,17.22,0,0,,Y,199,NW,NW,,NW,,Nov-19,FREE,0,17.22,10,,,N/A,
12552,,Nov-19,0.75,0,0.04,,Y,57,SW,SW,,SW,,Nov-19,FREE,0,0.75,5,,,N/A,
12555,,Nov-19,83.94,0,0,,Y,214,WM,WM,,WM,,Nov-19,FREE,0,83.94,7,,,N/A,
12571,,Nov-19,42.12,0,0,,N,NULL,EM,EM,,EM,,Nov-19,PAID,1.99,44.11,6,,,N/A,
12619,,Nov-19,96.71,0,2,,Y,64,WM,WM,,WM,,Nov-19,FREE,0,96.71,9,,,N/A,
12647,,Nov-19,67.45,0,0,,N,NULL,WM,WM,,WM,,Nov-19,PAID,1.99,69.44,2,,,N/A,
12660,,Nov-19,59.81,0,0,,N,NULL,WM,WM,,WM,,Nov-19,PAID,1.99,61.8,4,,,N/A,
12661,,Nov-19,46.87,0,5.29,,Y,108,GL,GL,,GL,,Nov-19,FREE,0,46.87,5,,,N/A,
12680,,Nov-19,23.82,0,0,,N,11,NW,NW,,NW,,Nov-19,PAID,1.99,25.81,2,,,N/A,
12683,,Nov-19,86.84,0,0,,Y,280,WL,WL,,WL,,Nov-19,FREE,0,86.84,5,,,N/A,
12711,,Nov-19,51.87,0,1.02,,Y,49,WM,WM,,WM,,Nov-19,FREE,0,51.87,10,,,N/A,
12728,,Nov-19,95.85,0,0,,N,NULL,SE,SE,,SE,,Nov-19,PAID,1.99,97.84,3,,,N/A,
12744,,Nov-19,0.79,0,0.16,,Y,173,YH,YH,,YH,,Nov-19,FREE,0,0.79,4,,,N/A,
12773,,Nov-19,53.56,0,0,,N,NULL,SC,SC,,SC,,Nov-19,PAID,1.99,55.55,8,,,N/A,
12825,,Nov-19,41.72,0,0,,N,NULL,SC,SC,,SC,,Nov-19,PAID,1.99,43.71,6,,,N/A,
12830,,Nov-19,33.68,0,1.69,,Y,174,GL,GL,,GL,,Nov-19,FREE,0,33.68,5,,,N/A,
12831,,Nov-19,92.51,0,0,,Y,155,WL,WL,,WL,,Nov-19,FREE,0,92.51,5,,,N/A,
12847,,Nov-19,24.62,0,0,,Y,237,NW,NW,,NW,,Nov-19,FREE,0,24.62,7,,,N/A,
12864,,Nov-19,59.65,0,2.99,,Y,167,GL,GL,,GL,,Nov-19,FREE,0,59.65,4,,,N/A,
12865,,Nov-19,87.23,0,4.37,,Y,198,YH,YH,,YH,,Nov-19,FREE,0,87.23,10,,,N/A,
12908,,Nov-19,43.27,0,1.12,,Y,224,NW,NW,,NW,,Nov-19,FREE,0,43.27,7,,,N/A,
12908,,Nov-19,53.41,0,0,,Y,271,NW,NW,,NW,,Nov-19,FREE,0,53.41,9,,,N/A,
12912,,Nov-19,73.79,0,0,,Y,109,SW,SW,,SW,,Nov-19,FREE,0,73.79,9,,,N/A,
12962,,Nov-19,86.87,0,4.35,,Y,103,NW,NW,,NW,,Nov-19,FREE,0,86.87,2,,,N/A,
12969,,Dec-19,63.87,0,0,,Y,98,GL,GL,,GL,,Dec-19,FREE,0,63.87,4,,,N/A,
12981,,Dec-19,48.37,0,0,,Y,68,SW,SW,,SW,,Dec-19,FREE,0,48.37,3,,,N/A,
13017,,Dec-19,49.02,0,0,,Y,27,EM,EM,,EM,,Dec-19,FREE,0,49.02,2,,,N/A,
13023,,Dec-19,90.02,0,0,,Y,232,SW,SW,,SW,,Dec-19,FREE,0,90.02,5,,,N/A,
13028,,Dec-19,0.89,0,0.18,,N,NULL,WM,WM,,WM,,Dec-19,PAID,1.99,2.88,3,,,N/A,
13033,,Dec-19,52.31,0,0,,N,NULL,EM,EM,,EM,,Dec-19,PAID,1.99,54.3,6,,,N/A,
13035,,Dec-19,84.51,0,0,,Y,138,SC,SC,,SC,,Dec-19,FREE,0,84.51,4,,,N/A,
13059,,Dec-19,29.11,0,0,,Y,29,SC,SC,,SC,,Dec-19,FREE,0,29.11,9,,,N/A,
13061,,Dec-19,69.62,0,0,,N,NULL,NW,NW,,NW,,Dec-19,PAID,1.99,71.61,8,,,N/A,
13076,,Dec-19,62.39,0,0,,Y,307,GL,GL,,GL,,Dec-19,FREE,0,62.39,10,,,N/A,
13104,,Dec-19,14.84,0,0,,N,NULL,EE,EE,,EE,,Dec-19,PAID,1.99,16.83,6,,,N/A,
13115,,Dec-19,61.5,0,0,,Y,253,SC,SC,,SC,,Dec-19,FREE,0,61.5,10,,,N/A,
13132,,Dec-19,84.49,0,0,,Y,44,NW,NW,,NW,,Dec-19,FREE,0,84.49,5,,,N/A,
13137,,Dec-19,87.32,0,0,,N,NULL,NW,NW,,NW,,Dec-19,PAID,1.99,89.31,7,,,N/A,
13143,,Dec-19,62.76,0,0,,Y,192,SW,SW,,SW,,Dec-19,FREE,0,62.76,8,,,N/A,
13144,,Dec-19,62.95,0,0,,Y,191,EE,EE,,EE,,Dec-19,FREE,0,62.95,3,,,N/A,
13156,,Dec-19,16.8,0,0,,N,NULL,EM,EM,,EM,,Dec-19,PAID,1.99,18.79,3,,,N/A,
13161,,Dec-19,81.33,0,0,,Y,106,WM,WM,,WM,,Dec-19,FREE,0,81.33,6,,,N/A,
13192,,Dec-19,37.92,0,1.9,,N,NULL,GL,GL,,GL,,Dec-19,PAID,1.99,39.91,8,,,N/A,
13198,,Dec-19,16.24,0,0,,N,NULL,NW,NW,,NW,,Dec-19,PAID,1.99,18.23,2,,,N/A,
13213,,Dec-19,88.58,0,0,,Y,232,EE,EE,,EE,,Dec-19,FREE,0,88.58,9,,,N/A,
13271,,Dec-19,19.06,0,3.25,,Y,101,YH,YH,,YH,,Dec-19,FREE,0,19.06,2,,,N/A,
13325,,Dec-19,14.91,0,0,,Y,224,NW,NW,,NW,,Dec-19,FREE,0,14.91,9,,,N/A,
13337,,Dec-19,63.57,0,0,,Y,212,WM,WM,,WM,,Dec-19,FREE,0,63.57,9,,,N/A,
13344,,Dec-19,34.36,0,0,,N,NULL,SC,SC,,SC,,Dec-19,PAID,1.99,36.35,6,,,N/A,
13391,,Dec-19,23.44,0,0,,Y,69,SC,SC,,SC,,Dec-19,FREE,0,23.44,5,,,N/A,
13436,,Dec-19,21.44,0,0,,Y,88,NW,NW,,NW,,Dec-19,FREE,0,21.44,3,,,N/A,
13455,,Dec-19,35.48,0,0,,Y,399,SC,SC,,SC,,Dec-19,FREE,0,35.48,9,,,N/A,
13462,,Dec-19,61.57,0,0,,N,NULL,EM,EM,,EM,,Dec-19,PAID,1.99,63.56,9,,,N/A,
13465,,Dec-19,52.71,0,2.64,,N,NULL,YH,YH,,YH,,Dec-19,PAID,1.99,54.7,1,,,N/A,
13490,,Dec-19,65.92,0,0,,N,NULL,WM,WM,,WM,,Dec-19,PAID,1.99,67.91,5,,,N/A,
13510,,Dec-19,11.12,0,0.56,,N,NULL,SC,SC,,SC,,Dec-19,PAID,1.99,13.11,7,,,N/A,
13549,,Dec-19,95.23,0,0,,N,NULL,SW,SW,,SW,,Dec-19,PAID,1.99,97.22,4,,,N/A,
13566,,Dec-19,66.8,0,0,,Y,234,SE,SE,,SE,,Dec-19,FREE,0,66.8,6,,,N/A,
13581,,Dec-19,30.08,0,0,,Y,62,NW,NW,,NW,,Dec-19,FREE,0,30.08,4,,,N/A,
13582,,Dec-19,86.73,0,0,,N,NULL,SW,SW,,SW,,Dec-19,PAID,1.99,88.72,4,,,N/A,
13593,,Dec-19,51.91,0,0,,Y,142,EM,EM,,EM,,Dec-19,FREE,0,51.91,7,,,N/A,
13598,,Dec-19,58.54,0,9.82,,N,NULL,SE,SE,,SE,,Dec-19,PAID,1.99,60.53,8,,,N/A,
13613,,Dec-19,98.26,0,0,,N,NULL,WM,WM,,WM,,Dec-19,PAID,1.99,100.25,7,,,N/A,
,,,,,,,,,,,,,,,,,,,,,,
,,,,,,,,,,,,,,,,,,,,,,
,,,,,,,,,,,,,,,,,,,,,,
,,,,,,,,,,,,,,,,,,,,,,
,,,,,,,,,,,,,,,,,,,,,,
,,,,,,,,,,,,,,,,,,,,,,
,,,,,,,,,,,,,,,,,,,,,,
,,,,,,,,,,,,,,,,,,,,,,
,,,,,,,,,,,,,,,,,,,,,,
,,,,,,,,,,,,,,,,,,,,,,
,,,,,,,,,,,,,,,,,,,,,,
,,,,,,,,,,,,,,,,,,,,,,
,,,,,,,,,,,,,,,,,,,,,,
,,,,,,,,,,,,,,,,,,,,,,
,,,,,,,,,,,,,,,,,,,,,,
,,,,,,,,,,,,,,,,,,,,,,
,,,,,,,,,,,,,,,,,,,,,,
,,,,,,,,,,,,,,,,,,,,,,
,,,,,,,,,,,,,,,,,,,,,,
,,,,,,,,,,,,,,,,,,,,,,
,,,,,,,,,,,,,,,,,,,,,,
,,,,,,,,,,,,,,,,,,,,,,
,,,,,,,,,,,,,,,,,,,,,,
,,,,,,,,,,,,,,,,,,,,,,
,,,,,,,,,,,,,,,,,,,,,,
,,,,,,,,,,,,,,,,,,,,,,
,,,,,,,,,,,,,,,,,,,,,,
,,,,,,,,,,,,,,,,,,,,,,
,,,,,,,,,,,,,,,,,,,,,,
,,,,,,,,,,,,,,,,,,,,,,
,,,,,,,,,,,,,,,,,,,,,,
,,,,,,,,,,,,,,,,,,,,,,
,,,,,,,,,,,,,,,,,,,,,,
,,,,,,,,,,,,,,,,,,,,,,
,,,,,,,,,,,,,,,,,,,,,,
,,,,,,,,,,,,,,,,,,,,,,
,,,,,,,,,,,,,,,,,,,,,,
,,,,,,,,,,,,,,,,,,,,,,
,,,,,,,,,,,,,,,,,,,,,,
